Date,Time,Observer.Initials,Tank_ID,Temperature_C,pH_mv,Salinity_psu,Orion_Temp,tris.date,Probe.Set,notes
20230101,,,BT 1/2,26.24,-59.4,34.37,NA,20221019,Probe1,
20230102,,,BT 1/2,26.32,-61.3,34.44,NA,20221019,Probe1,
20230105,,,header_tank,26.23,-51.5,34.48,NA,20221019,Probe1,
20230105,,,BT 1/2,26.27,-52.3,34.45,NA,20221019,Probe1,
20230105,,,BT 3/4,26.26,-52.6,34.41,NA,20221019,Probe1,
20230106,,,header_tank,26.26,-51.9,34.58,NA,20221019,Probe1,
20230106,,,BT 1/2,26.34,-52.7,34.45,NA,20221019,Probe1,
20230106,,,BT 3/4,26.34,-53.1,34.42,NA,20221019,Probe1,
20230109,,,header_tank,26.4,-52.8,34.65,NA,20221019,Probe1,
20230109,,,BT 1/2,26.42,-53.1,34.57,NA,20221019,Probe1,
20230109,,,BT 3/4,26.42,-53.3,34.56,NA,20221019,Probe1,
20230110,,,header_tank,26.35,-54.1,34.61,NA,20221019,Probe1,
20230110,,,BT 1/2,26.38,-53.9,34.64,NA,20221019,Probe1,
20230110,,,BT 3/4,26.38,-54,34.63,NA,20221019,Probe1,
20230111,,,header_tank,26.19,-53.3,34.65,NA,20221019,Probe1,
20230111,,,BT 1/2,26.26,-53.6,34.64,NA,20221019,Probe1,
20230111,,,BT 3/4,26.26,-53.7,34.62,NA,20221019,Probe1,
20230112,,,header_tank,26.24,-54,34.7,NA,20221019,Probe1,
20230112,,,BT 1/2,26.29,-54.2,34.71,NA,20221019,Probe1,
20230112,,,BT 3/4,26.3,-54.4,34.7,NA,20221019,Probe1,
20230113,,,header_tank,26.34,-54,34.18,NA,20221019,Probe1,
20230113,,,BT 1/2,26.34,-54,34.17,NA,20221019,Probe1,
20230113,,,BT 3/4,26.35,-54.1,34.13,NA,20221019,Probe1,
20230117,,,header_tank,26.1,-50.6,33.51,NA,20221019,Probe1,
20230117,,,BT 1/2,26.13,-50.8,33.42,NA,20221019,Probe1,
20230117,,,BT 3/4,26.13,-50.8,33.4,NA,20221019,Probe1,
20230119,,,header_tank,26.14,-54.1,33.5,NA,20221019,Probe1,
20230119,,,BT 1/2,26.13,-54.5,33.66,NA,20221019,Probe1,
20230119,,,BT 3/4,26.18,-54.7,33.45,NA,20221019,Probe1,
20230120,,,header_tank,26.47,-50.3,34.07,NA,20221019,Probe1,
20230120,,,BT 1/2,26.44,-50.5,33.74,NA,20221019,Probe1,
20230120,,,BT 3/4,26.45,-50.7,33.8,NA,20221019,Probe1,
20230123,,,header_tank,26.35,-51.6,33.77,NA,20221019,Probe1,
20230123,,,BT 1/2,26.44,-51.4,33.64,NA,20221019,Probe1,
20230123,,,BT 3/4,26.44,-51.8,33.72,NA,20221019,Probe1,
20230124,,,header_tank,26.3,-56.8,33.89,NA,20221019,Probe1,
20230124,,,BT 1/2,26.35,-56.3,33.79,NA,20221019,Probe1,
20230124,,,BT 3/4,26.35,-56.5,33.77,NA,20221019,Probe1,
20230125,,,header_tank,26.22,-50.8,33.96,NA,20221019,Probe1,
20230125,,,BT 1/2,26.22,-50.8,34.98,NA,20221019,Probe1,
20230125,,,BT 3/4,26.2,-51.2,34.98,NA,20221019,Probe1,
20230130,,,header_tank,26.28,-50.8,34.19,NA,20221019,Probe1,
20230130,,,BT 1/2,26.28,-51,34.25,NA,20221019,Probe1,
20230130,,,BT 3/4,26.7,-51.2,34.6,NA,20221019,Probe1,
20230131,,,header_tank,26.33,-52.4,33.89,NA,20221019,Probe1,
20230131,,,BT 1/2,26.37,-52.6,33.82,NA,20221019,Probe1,
20230131,,,BT 3/4,26.37,-52.7,33.8,NA,20221019,Probe1,
20230201,,,header_tank,26.17,-50.7,33.73,NA,20221019,Probe1,
20230201,,,BT 1/2,26.2,-51,33.86,NA,20221019,Probe1,
20230201,,,BT 3/4,26.19,-50.9,33.82,NA,20221019,Probe1,
20230202,,,header_tank,26.09,-52.8,33.78,NA,20221019,Probe1,
20230202,,,BT 1/2,26.15,-53,33.76,NA,20221019,Probe1,
20230202,,,BT 3/4,26.15,-52.8,34.7,NA,20221019,Probe1,
20230206,,,header_tank,26.37,-55.3,33.87,NA,20221019,Probe1,
20230206,,,BT 1/2,26.4,-55.2,33.93,NA,20221019,Probe1,
20230206,,,BT 3/4,26.4,-55.4,33.9,NA,20221019,Probe1,
20230207,,,header_tank,26.35,NA,33.91,NA,20221019,Probe1,
20230207,,,BT 1/2,26.41,NA,33.92,NA,20221019,Probe1,
20230207,,,BT 3/4,26.4,NA,33.91,NA,20221019,Probe1,
20230208,,,header_tank,26.35,NA,33.9,NA,20221019,Probe1,
20230208,,,BT 1/2,26.32,NA,33.91,NA,20221019,Probe1,
20230208,,,BT 3/4,26.32,NA,33.92,NA,20221019,Probe1,
20230209,,,header_tank,26.27,NA,34.34,NA,20221019,Probe1,
20230209,,,BT 1/2,26.32,NA,34,NA,20221019,Probe1,
20230209,,,BT 3/4,26.32,NA,33.98,NA,20221019,Probe1,
20230210,,,header_tank,26.5,NA,33.99,NA,20221019,Probe1,
20230210,,,BT 1/2,26.5,NA,33.89,NA,20221019,Probe1,
20230210,,,BT 3/4,26.5,NA,33.9,NA,20221019,Probe1,
20230213,,,header_tank,26.4,NA,34.16,NA,20221019,Probe1,
20230213,,,BT 1/2,26.5,NA,33.91,NA,20221019,Probe1,
20230213,,,BT 3/4,26.5,NA,33.93,NA,20221019,Probe1,
20230214,,,header_tank,26.62,NA,33.92,NA,20221019,Probe1,
20230214,,,BT 1/2,26.63,NA,33.88,NA,20221019,Probe1,
20230214,,,BT 3/4,26.62,NA,33.87,NA,20221019,Probe1,
20230215,,,header_tank,26.4,NA,34.18,NA,20221019,Probe1,
20230215,,,BT 1/2,26.44,NA,34.02,NA,20221019,Probe1,
20230215,,,BT 3/4,26.45,NA,34.41,NA,20221019,Probe1,
20230216,,,header_tank,26.48,NA,34.21,NA,20221019,Probe1,
20230216,,,BT 1/2,26.48,NA,34.03,NA,20221019,Probe1,
20230216,,,BT 3/4,26.48,NA,34.03,NA,20221019,Probe1,
20230217,,,header_tank,26.35,NA,33.88,NA,20221019,Probe1,
20230217,,,BT 1/2,26.36,NA,33.8,NA,20221019,Probe1,
20230217,,,BT 3/4,26.35,NA,33.8,NA,20221019,Probe1,
20230221,,,header_tank,26.23,NA,33.87,NA,20221019,Probe1,
20230221,,,BT 1/2,26.27,NA,33.84,NA,20221019,Probe1,
20230221,,,BT 3/4,26.28,NA,33.81,NA,20221019,Probe1,
20230222,,,header_tank,26.2,NA,34.43,NA,20221019,Probe1,
20230222,,,BT 1/2,26.21,NA,34.22,NA,20221019,Probe1,
20230222,,,BT 3/4,26.24,NA,33.85,NA,20221019,Probe1,
20230223,,,header_tank,26.25,NA,34.41,NA,20221019,Probe1,
20230223,,,BT 1/2,26.31,NA,34.43,NA,20221019,Probe1,
20230223,,,BT 3/4,26.32,NA,34.16,NA,20221019,Probe1,
20230224,,,header_tank,26.25,NA,34.01,NA,20221019,Probe1,
20230224,,,BT 1/2,26.29,NA,33.88,NA,20221019,Probe1,
20230224,,,BT 3/4,26.3,NA,33.85,NA,20221019,Probe1,
20230227,,,header_tank,25.86,NA,34.11,NA,20221019,Probe1,
20230227,,,BT 1/2,25.97,NA,34.06,NA,20221019,Probe1,
20230227,,,BT 3/4,25.99,NA,34.82,NA,20221019,Probe1,
20230302,,,header_tank,26.32,NA,34.93,NA,20221019,Probe1,
20230302,,,BT 1/2,26.33,NA,34.5,NA,20221019,Probe1,
20230302,,,BT 3/4,26.36,NA,34.65,NA,20221019,Probe1,
20230303,,,header_tank,26.38,NA,34.23,NA,20221019,Probe1,
20230303,,,BT 1/2,26.4,NA,34.22,NA,20221019,Probe1,
20230303,,,BT 3/4,26.43,NA,34.39,NA,20221019,Probe1,
20230306,,,header_tank,26.26,NA,35.23,NA,20221019,Probe1,
20230306,,,BT 1/2,26.28,NA,35.26,NA,20221019,Probe1,
20230306,,,BT 3/4,26.3,NA,35.28,NA,20221019,Probe1,
20230307,,,header_tank,26.25,NA,35.24,NA,20221019,Probe1,
20230307,,,BT 1/2,26.27,NA,35.24,NA,20221019,Probe1,
20230307,,,BT 3/4,26.27,NA,35.24,NA,20221019,Probe1,
20230308,,,header_tank,26.25,NA,35.23,NA,20221019,Probe1,
20230308,,,BT 1/2,26.27,NA,35.21,NA,20221019,Probe1,
20230308,,,BT 3/4,26.27,NA,35.22,NA,20221019,Probe1,
20230309,,,header_tank,26.44,NA,35.34,NA,20221019,Probe1,
20230309,,,BT 1/2,26.45,NA,35.39,NA,20221019,Probe1,
20230309,,,BT 3/4,26.46,NA,35.38,NA,20221019,Probe1,
20230313,,,header_tank,26.12,NA,34.91,NA,20221019,Probe1,
20230313,,,BT 1/2,26.1,NA,34.4,NA,20221019,Probe1,
20230313,,,BT 3/4,26.15,NA,34.4,NA,20221019,Probe1,
20230314,,,header_tank,26.23,NA,35.1,NA,20221019,Probe1,
20230314,,,BT 1/2,26.25,NA,35.14,NA,20221019,Probe1,
20230314,,,BT 3/4,26.25,NA,35.16,NA,20221019,Probe1,
20230315,,,header_tank,26.24,NA,35.11,NA,20221019,Probe1,
20230316,,,header_tank,26.21,NA,35.01,NA,20221019,Probe1,
20230316,,,BT 1/2,26.21,NA,35.07,NA,20221019,Probe1,
20230316,,,BT 3/4,26.26,NA,35.07,NA,20221019,Probe1,
20230322,,,header_tank,26.18,NA,34.94,NA,20221019,Probe1,
20230322,,,BT 1/2,26.18,NA,35.03,NA,20221019,Probe1,
20230322,,,BT 3/4,26.18,NA,35.01,NA,20221019,Probe1,
20230322,,,quarantine_tank,23.88,NA,34.84,NA,20221019,Probe1,
20230323,,,header_tank,26.29,NA,35.12,NA,20221019,Probe1,
20230323,,,BT 1/2,26.29,NA,35.1,NA,20221019,Probe1,
20230323,,,BT 3/4,26.31,NA,35.18,NA,20221019,Probe1,
20230323,,,quarantine_tank,24.23,NA,34.9,NA,20221019,Probe1,
20230327,,,header_tank,26.22,NA,34.07,NA,20221019,Probe1,
20230327,,,BT 1/2,26.26,NA,34,NA,20221019,Probe1,
20230327,,,BT 3/4,26.26,NA,34.08,NA,20221019,Probe1,
20230327,,,quarantine_tank,24.29,NA,35.65,NA,20221019,Probe1,
20230328,,,header_tank,26.13,NA,34.98,NA,20221019,Probe1,
20230328,,,BT 1/2,26.16,NA,34.01,NA,20221019,Probe1,
20230328,,,BT 3/4,26.16,NA,34.01,NA,20221019,Probe1,
20230328,,,quarantine_tank,24.8,NA,35.16,NA,20221019,Probe1,
20230330,,,header_tank,26.32,NA,34.28,NA,20221019,Probe1,
20230330,,,BT 1/2,26.41,NA,34.21,NA,20221019,Probe1,
20230330,,,BT 3/4,26.41,NA,34.26,NA,20221019,Probe1,
20230330,,,quarantine_tank,24.49,NA,36.03,NA,20221019,Probe1,
20230331,,,header_tank,26.21,NA,35.03,NA,20221019,Probe1,
20230331,,,BT 1/2,26.24,NA,35.04,NA,20221019,Probe1,
20230331,,,BT 3/4,26.35,NA,35.05,NA,20221019,Probe1,
20230331,,,quarantine_tank,24.61,NA,36.22,NA,20221019,Probe1,
20230403,,,header_tank,26.36,NA,35.22,NA,20221019,Probe1,
20230403,,,BT 1/2,26.38,NA,35.2,NA,20221019,Probe1,
20230403,,,BT 3/4,26.39,NA,35.26,NA,20221019,Probe1,
20230403,,,quarantine_tank,24.69,NA,36.5,NA,20221019,Probe1,
20230404,,,header_tank,26.09,NA,35.05,NA,20221019,Probe1,
20230404,,,BT 1/2,26.12,NA,35.11,NA,20221019,Probe1,
20230404,,,BT 3/4,26.14,NA,35.16,NA,20221019,Probe1,
20230404,,,quarantine_tank,24.78,NA,36.67,NA,20221019,Probe1,
20230406,,,header_tank,26.14,NA,35.13,NA,20221019,Probe1,
20230406,,,BT 1/2,26.18,NA,35.25,NA,20221019,Probe1,
20230406,,,BT 3/4,26.18,NA,35.25,NA,20221019,Probe1,
20230406,,,quarantine_tank,24.66,NA,36.67,NA,20221019,Probe1,
20230407,,,header_tank,26.36,NA,35.33,NA,20221019,Probe1,
20230407,,,BT 1/2,26.36,NA,35.33,NA,20221019,Probe1,
20230407,,,BT 3/4,26.35,NA,35.44,NA,20221019,Probe1,
20230410,,,header_tank,26.19,NA,35.23,NA,20221019,Probe1,
20230410,,,BT 1/2,26.26,NA,35.27,NA,20221019,Probe1,
20230410,,,BT 3/4,26.25,NA,35.28,NA,20221019,Probe1,
20230410,,,quarantine_tank,23.71,NA,36.16,NA,20221019,Probe1,
20230411,,,header_tank,26.14,NA,34.47,NA,20221019,Probe1,
20230411,,,BT 1/2,26.18,NA,34.34,NA,20221019,Probe1,
20230411,,,BT 3/4,26.19,NA,34.32,NA,20221019,Probe1,
20230411,,,quarantine_tank,23.89,NA,37.16,NA,20221019,Probe1,
20230413,,,header_tank,26.09,NA,35.14,NA,20221019,Probe1,
20230413,,,BT 1/2,26.13,NA,35.33,NA,20221019,Probe1,
20230413,,,BT 3/4,26.14,NA,35.22,NA,20221019,Probe1,
20230413,,,quarantine_tank,23.95,NA,36.52,NA,20221019,Probe1,
20230414,,,header_tank,26.34,NA,34.43,NA,20221019,Probe1,
20230414,,,BT 1/2,26.32,NA,34.42,NA,20221019,Probe1,
20230414,,,BT 3/4,26.35,NA,34.37,NA,20221019,Probe1,
20230414,,,quarantine_tank,24.09,NA,37.34,NA,20221019,Probe1,
20230417,,,header_tank,26.25,NA,34.33,NA,20221019,Probe1,
20230417,,,BT 1/2,26.29,NA,34.29,NA,20221019,Probe1,
20230417,,,BT 3/4,26.29,NA,35.3,NA,20221019,Probe1,
20230417,,,quarantine_tank,22.22,NA,36.43,NA,20221019,Probe1,
20230418,,,header_tank,26.22,NA,35.35,NA,20221019,Probe1,
20230418,,,BT 1/2,26.21,NA,35.35,NA,20221019,Probe1,
20230418,,,BT 3/4,26.22,NA,35.36,NA,20221019,Probe1,
20230418,,,quarantine_tank,23.92,NA,36.99,NA,20221019,Probe1,
20230419,,,header_tank,26.31,NA,35.42,NA,20221019,Probe1,
20230419,,,BT 1/2,26.33,NA,35.45,NA,20221019,Probe1,
20230419,,,BT 3/4,26.32,NA,35.45,NA,20221019,Probe1,
20230419,,,quarantine_tank,23.62,NA,36.39,NA,20221019,Probe1,
20230420,,,header_tank,26.18,NA,34.73,NA,20221019,Probe1,
20230420,,,BT 1/2,26.21,NA,34.67,NA,20221019,Probe1,
20230420,,,BT 3/4,26.21,NA,34.5,NA,20221019,Probe1,
20230420,,,quarantine_tank,23.78,NA,37.69,NA,20221019,Probe1,
20230421,,,header_tank,26.34,-48.9,35.21,NA,20221019,Probe1,
20230421,,,BT 1/2,26.35,-48.6,35.23,NA,20221019,Probe1,
20230421,,,BT 3/4,26.35,-48,35.24,NA,20221019,Probe1,
20230421,,,quarantine_tank,23.77,-62,36.56,NA,20221019,Probe1,
20230424,,,header_tank,23.15,NA,36.28,NA,20221019,Probe1,
20230424,,,BT 1/2,26.42,NA,35.23,NA,20221019,Probe1,
20230424,,,BT 3/4,26.44,NA,35.23,NA,20221019,Probe1,
20230424,,,quarantine_tank,26.4,NA,35.2,NA,20221019,Probe1,
20230425,,,header_tank,26.41,NA,35.11,NA,20221019,Probe1,
20230425,,,BT 1/2,26.42,NA,35.2,NA,20221019,Probe1,
20230425,,,BT 3/4,26.42,NA,35.2,NA,20221019,Probe1,
20230425,,,quarantine_tank,23.12,NA,36.55,NA,20221019,Probe1,
20230426,,,header_tank,26.41,-46,34.23,NA,20221019,Probe1,
20230426,,,BT 1/2,26.22,-46.7,34.13,NA,20221019,Probe1,
20230426,,,BT 3/4,26.21,-46.7,34.16,NA,20221019,Probe1,
20230426,,,quarantine_tank,23.37,-62.4,37.88,NA,20221019,Probe1,
20230427,,,header_tank,26.11,-39.3,34.34,NA,20221019,Probe1,
20230427,,,BT 1/2,26.14,-39.5,34.34,NA,20221019,Probe1,
20230427,,,BT 3/4,26.14,-39.6,34.35,NA,20221019,Probe1,
20230427,,,quarantine_tank,23.15,-60.6,37.89,NA,20221019,Probe1,
20230501,,,header_tank,26.3,-42.1,33.95,NA,20221019,Probe1,
20230501,,,BT 1/2,26.34,-41.6,33.91,NA,20221019,Probe1,
20230501,,,BT 3/4,26.36,-41.8,33.91,NA,20221019,Probe1,
20230501,,,quarantine_tank,23.12,-61.4,38.09,NA,20221019,Probe1,
20230502,,,header_tank,26.32,-43.5,34.11,NA,20221019,Probe1,
20230502,,,BT 1/2,26.33,-43.9,33.94,NA,20221019,Probe1,
20230502,,,BT 3/4,26.34,-43.9,33.93,NA,20221019,Probe1,
20230502,,,quarantine_tank,22.84,-61.1,38.1,NA,20221019,Probe1,
20230504,,,header_tank,26.32,-41.6,34.31,NA,20221019,Probe1,
20230504,,,BT 1/2,26.35,-42.3,34.39,NA,20221019,Probe1,
20230504,,,BT 3/4,26.36,-42.5,34.19,NA,20221019,Probe1,
20230504,,,quarantine_tank,23.43,-60.8,38.41,NA,20221019,Probe1,
20230508,,,header_tank,26.28,-42.8,34.11,NA,20221019,Probe1,
20230508,,,BT 1/2,26.31,-43.2,33.82,NA,20221019,Probe1,
20230508,,,BT 3/4,26.32,-45.4,33.82,NA,20221019,Probe1,
20230508,,,quarantine_tank,23.35,-61.8,38.51,NA,20221019,Probe1,
20230509,,,header_tank,26.22,-44.33,34.03,NA,20221019,Probe1,
20230509,,,BT 1/2,26.24,-44.9,33.88,NA,20221019,Probe1,
20230509,,,BT 3/4,26.26,-45.3,33.86,NA,20221019,Probe1,
20230509,,,quarantine_tank,23.46,-62.1,38.51,NA,20221019,Probe1,
20230515,,,header_tank,26.12,-45.2,34.12,NA,20230515,Probe1,
20230515,,,BT 1/2,26.2,-45.2,34.02,NA,20230515,Probe1,
20230516,,,header_tank,26.23,-48.9,35.05,NA,20230515,Probe1,
20230516,,,BT 1/2,26.27,-48.6,34.95,NA,20230515,Probe1,
20230519,,,header_tank,26.14,-50.4,35.53,NA,20230515,Probe1,
20230519,,,BT 1/2,26.21,-50.4,34.33,NA,20230515,Probe1,
20230519,,,quarantine_tank,23.63,-62.8,37.36,NA,20230515,Probe1,
20230522,,,header_tank,26.19,-48.5,34.23,NA,20230515,Probe1,
20230522,,,BT 1/2,26.22,-48.5,34.36,NA,20230515,Probe1,
20230523,,,header_tank,26.17,-48.2,35.02,NA,20230515,Probe1,
20230523,,,BT 1/2,26.17,-48.3,34.13,NA,20230515,Probe1,
20230525,,,header_tank,26.19,-48.5,34.25,NA,20230515,Probe1,
20230525,,,BT 1/2,26.2,-49,34.35,NA,20230515,Probe1,
20230529,,,header_tank,26.09,-54.2,34.22,NA,20230515,Probe1,
20230529,,,BT 1/2,26.11,-54.5,34.12,NA,20230515,Probe1,
20230530,,,header_tank,26.26,-48.8,34.26,NA,20230515,Probe1,
20230530,,,BT 1/2,26.29,-49,34.54,NA,20230515,Probe1,
20230530,,,BT 3/4,26.3,-49,34.3,NA,20230515,Probe1,
20230530,,,quarantine_tank,26.58,-60.8,37.85,NA,20230515,Probe1,
20230531,,,header_tank,26.38,-47.9,34.71,NA,20230515,Probe1,
20230531,,,BT 1/2,26.41,-48,34.39,NA,20230515,Probe1,
20230531,,,BT 3/4,26.43,-48,34.26,NA,20230515,Probe1,
20230531,,,quarantine_tank,23.95,-60.6,37.99,NA,20230515,Probe1,
20230601,,,header_tank,26.28,-48.1,34.36,NA,20230515,Probe1,
20230601,,,BT 1/2,26.37,-48.3,34.45,NA,20230515,Probe1,
20230601,,,BT 3/4,26.37,-48.4,34.39,NA,20230515,Probe1,
20230601,,,quarantine_tank,23.54,-60.7,37.92,NA,20230515,Probe1,
20230602,,,header_tank,26.25,-49.9,34.5,NA,20230515,Probe1,
20230602,,,BT 1/2,26.29,-49.9,34.25,NA,20230515,Probe1,
20230602,,,BT 3/4,26.3,-49.9,34.28,NA,20230515,Probe1,
20230602,,,quarantine_tank,23.47,-60.7,37.97,NA,20230515,Probe1,
20230605,,,header_tank,26.24,-57.9,34.44,NA,20230515,Probe1,
20230605,,,BT 1/2,26.27,-57.8,34.18,NA,20230515,Probe1,
20230605,,,BT 3/4,26.28,-57.8,34.28,NA,20230515,Probe1,
20230605,,,quarantine_tank,23.92,-63.1,38.2,NA,20230515,Probe1,
20230606,,,header_tank,26.5,-51.8,34.18,NA,20230515,Probe1,
20230606,,,BT 1/2,26.52,-51.4,34.17,NA,20230515,Probe1,
20230606,,,BT 3/4,26.54,-51.6,34.09,NA,20230515,Probe1,
20230606,,,quarantine_tank,23.7,-62.1,38.2,NA,20230515,Probe1,
20230607,,,header_tank,24.95,-45.7,34.32,NA,20230515,Probe1,
20230607,,,BT 1/2,24.97,-46,34.39,NA,20230515,Probe1,
20230607,,,BT 3/4,24.92,-46,34.24,NA,20230515,Probe1,
20230607,,,quarantine_tank,23.62,-62,38.34,NA,20230515,Probe1,
20230608,,,header_tank,26.78,-44.3,34.79,NA,20230515,Probe1,
20230608,,,BT 1/2,26.83,-44.4,34.29,NA,20230515,Probe1,
20230608,,,BT 3/4,26.83,-44.6,34.34,NA,20230515,Probe1,
20230608,,,quarantine_tank,23.45,-61.5,38.18,NA,20230515,Probe1,
20230609,,,header_tank,26.36,NA,34.48,NA,20230515,Probe1,
20230609,,,BT 1/2,26.42,NA,34.23,NA,20230515,Probe1,
20230609,,,BT 3/4,26.41,NA,34.3,NA,20230515,Probe1,
20230609,,,quarantine_tank,23.85,NA,38.36,NA,20230515,Probe1,
20230612,,,header_tank,26.25,NA,34.72,NA,20230515,Probe1,
20230612,,,BT 1/2,26.28,NA,34.15,NA,20230515,Probe1,
20230612,,,BT 3/4,26.29,NA,34.23,NA,20230515,Probe1,
20230612,,,quarantine_tank,23.81,NA,38.52,NA,20230515,Probe1,
20230613,,,header_tank,26.22,NA,34.68,NA,20230515,Probe1,
20230613,,,BT 1/2,26.28,NA,33.88,NA,20230515,Probe1,
20230613,,,BT 3/4,26.28,NA,34.03,NA,20230515,Probe1,
20230613,,,quarantine_tank,23.8,NA,38.65,NA,20230515,Probe1,
20230614,,,header_tank,26.24,NA,34.54,NA,20230515,Probe1,
20230614,,,BT 1/2,26.33,NA,34.23,NA,20230515,Probe1,
20230614,,,BT 3/4,26.32,NA,34.45,NA,20230515,Probe1,
20230614,,,quarantine_tank,23.96,NA,38.64,NA,20230515,Probe1,
20230615,,,header_tank,26.17,NA,33.9,NA,20230515,Probe1,
20230615,,,BT 1/2,26.37,NA,33.92,NA,20230515,Probe1,
20230615,,,BT 3/4,26.34,NA,33.84,NA,20230515,Probe1,
20230615,,,quarantine_tank,23.88,NA,38.67,NA,20230515,Probe1,
20230616,,,header_tank,26.27,NA,34.6,NA,20230515,Probe1,
20230616,,,BT 1/2,26.36,NA,34.4,NA,20230515,Probe1,
20230616,,,BT 3/4,26.37,NA,34.32,NA,20230515,Probe1,
20230616,,,quarantine_tank,23.97,NA,38.81,NA,20230515,Probe1,
20230619,,,header_tank,26.15,NA,34.86,NA,20230515,Probe1,
20230619,,,BT 1/2,26.19,NA,34.91,NA,20230515,Probe1,
20230619,,,BT 3/4,26.2,NA,34.84,NA,20230515,Probe1,
20230619,,,quarantine_tank,23.73,NA,38.91,NA,20230515,Probe1,
20230620,,,header_tank,26.43,NA,35.05,NA,20230515,Probe1,
20230620,,,BT 1/2,26.44,NA,35.05,NA,20230515,Probe1,
20230620,,,BT 3/4,26.46,NA,34.9,NA,20230515,Probe1,
20230620,,,quarantine_tank,23.54,NA,38.97,NA,20230515,Probe1,
20230621,,,header_tank,26.24,NA,35.14,NA,20230515,Probe1,
20230621,,,BT 1/2,26.3,NA,35.08,NA,20230515,Probe1,
20230621,,,BT 3/4,26.3,NA,35.08,NA,20230515,Probe1,
20230621,,,quarantine_tank,23.67,NA,39.1,NA,20230515,Probe1,
20230622,,,header_tank,26.45,NA,35.55,NA,20230515,Probe1,
20230622,,,BT 1/2,26.49,NA,35.39,NA,20230515,Probe1,
20230622,,,BT 3/4,26.47,NA,35.34,NA,20230515,Probe1,
20230622,,,quarantine_tank,23.55,NA,39.01,NA,20230515,Probe1,
20230626,,,header_tank,26.2,NA,35.38,NA,20230515,Probe1,
20230626,,,BT 1/2,26.1,NA,35.39,NA,20230515,Probe1,
20230626,,,BT 3/4,26.09,NA,35.38,NA,20230515,Probe1,
20230627,,,header_tank,26.03,NA,36.8,NA,20230515,Probe1,
20230627,,,BT 1/2,26.1,NA,36.21,NA,20230515,Probe1,
20230627,,,BT 3/4,26.1,NA,36.24,NA,20230515,Probe1,
20230628,,,header_tank,26.01,NA,36.01,NA,20230515,Probe1,
20230628,,,BT 1/2,25.68,NA,35.83,NA,20230515,Probe1,
20230628,,,BT 3/4,25.89,NA,35.87,NA,20230515,Probe1,
20230628,,,quarantine_tank,24.21,NA,39,NA,20230515,Probe1,
20230629,,,header_tank,26.05,NA,36.16,NA,20230515,Probe1,
20230629,,,BT 1/2,26.18,NA,36.03,NA,20230515,Probe1,
20230629,,,BT 3/4,26.18,NA,36.03,NA,20230515,Probe1,
20230629,,,quarantine_tank,24.22,NA,38.71,NA,20230515,Probe1,
20230630,,,header_tank,26.22,NA,36.31,NA,20230515,Probe1,
20230630,,,BT 1/2,26.23,NA,36.22,NA,20230515,Probe1,
20230630,,,BT 3/4,26.23,NA,36.21,NA,20230515,Probe1,
20230630,,,quarantine_tank,24.53,NA,38.67,NA,20230515,Probe1,
20230703,,,header_tank,26.12,NA,34.23,NA,20230515,Probe1,
20230703,,,BT 1/2,26.1,NA,34.37,NA,20230515,Probe1,
20230703,,,BT 3/4,26.17,NA,34.36,NA,20230515,Probe1,
20230704,,,header_tank,26.06,NA,34.27,NA,20230515,Probe1,
20230704,,,BT 1/2,26.07,NA,34.51,NA,20230515,Probe1,
20230704,,,BT 3/4,26.07,NA,34.39,NA,20230515,Probe1,
20230705,,,header_tank,26.14,NA,34.22,NA,20230515,Probe1,
20230705,,,BT 1/2,26.22,NA,34.26,NA,20230515,Probe1,
20230705,,,BT 3/4,26.2,NA,34.23,NA,20230515,Probe1,
20230705,,,quarantine_tank,24.31,NA,36.42,NA,20230515,Probe1,
20230706,,,header_tank,26.01,NA,34.45,NA,20230515,Probe1,
20230706,,,BT 1/2,26.1,NA,34.42,NA,20230515,Probe1,
20230706,,,BT 3/4,26.11,NA,34.45,NA,20230515,Probe1,
20230706,,,quarantine_tank,24.61,NA,36.2,NA,20230515,Probe1,
20230707,,,header_tank,26.32,NA,34.7,NA,20230515,Probe1,
20230707,,,BT 1/2,26.38,NA,34.72,NA,20230515,Probe1,
20230707,,,BT 3/4,26.38,NA,34.72,NA,20230515,Probe1,
20230707,,,quarantine_tank,24.72,NA,36.36,NA,20230515,Probe1,
20230710,,,header_tank,26.35,NA,36.31,NA,20230515,Probe1,
20230710,,,BT 1/2,26.36,NA,35.36,NA,20230515,Probe1,
20230710,,,BT 3/4,26.38,NA,35.31,NA,20230515,Probe1,
20230710,,,quarantine_tank,24.58,NA,36.36,NA,20230515,Probe1,
20230711,,,header_tank,26.14,NA,35.65,NA,20230515,Probe1,
20230711,,,BT 1/2,26.17,NA,35.6,NA,20230515,Probe1,
20230711,,,BT 3/4,26.18,NA,35.58,NA,20230515,Probe1,
20230711,,,quarantine_tank,24.43,NA,36.51,NA,20230515,Probe1,
20230712,,,header_tank,26.09,NA,35.82,NA,20230515,Probe1,
20230712,,,BT 1/2,26.09,NA,35.83,NA,20230515,Probe1,
20230712,,,BT 3/4,26.09,NA,35.81,NA,20230515,Probe1,
20230712,,,quarantine_tank,24.6,NA,36.01,NA,20230515,Probe1,
20230713,,,header_tank,26.08,NA,35.99,NA,20230515,Probe1,
20230713,,,BT 1/2,26.11,NA,35.96,NA,20230515,Probe1,
20230713,,,BT 3/4,26.12,NA,35.93,NA,20230515,Probe1,
20230713,,,quarantine_tank,24.59,NA,36.02,NA,20230515,Probe1,
20230714,,,header_tank,26.37,NA,36.11,NA,20230515,Probe1,
20230714,,,BT 1/2,26.21,NA,36.29,NA,20230515,Probe1,
20230714,,,BT 3/4,26.22,NA,36.74,NA,20230515,Probe1,
20230714,,,quarantine_tank,24.65,NA,36.74,NA,20230515,Probe1,
20230717,,,header_tank,26.22,NA,37.57,NA,20230515,Probe1,
20230717,,,BT 1/2,26.27,NA,36.66,NA,20230515,Probe1,
20230717,,,BT 3/4,26.27,NA,36.68,NA,20230515,Probe1,
20230717,,,quarantine_tank,24.14,NA,36.99,NA,20230515,Probe1,
20230718,,,header_tank,25.98,NA,36.45,NA,20230515,Probe1,
20230718,,,BT 1/2,26.07,NA,36.25,NA,20230515,Probe1,
20230718,,,BT 3/4,26.07,NA,36.25,NA,20230515,Probe1,
20230718,,,quarantine_tank,24.16,NA,36.95,NA,20230515,Probe1,
20230719,,,header_tank,26.21,NA,35.21,NA,20230515,Probe1,
20230719,,,BT 1/2,26.08,NA,35.32,NA,20230515,Probe1,
20230719,,,BT 3/4,26.09,NA,35.3,NA,20230515,Probe1,
20230719,,,quarantine_tank,24.17,NA,36.28,NA,20230515,Probe1,
20230720,,,header_tank,25.98,NA,35.11,NA,20230515,Probe1,
20230720,,,BT 1/2,25.96,NA,35.05,NA,20230515,Probe1,
20230720,,,BT 3/4,26.04,NA,35.04,NA,20230515,Probe1,
20230720,,,quarantine_tank,24.38,NA,36.83,NA,20230515,Probe1,
20230721,,,header_tank,26.13,NA,35.34,NA,20230515,Probe1,
20230721,,,BT 1/2,26.16,NA,35.27,NA,20230515,Probe1,
20230721,,,BT 3/4,26.18,NA,35.27,NA,20230515,Probe1,
20230721,,,quarantine_tank,24.45,NA,36.89,NA,20230515,Probe1,
20230724,,,header_tank,26.15,NA,36.13,NA,20230515,Probe1,
20230724,,,BT 1/2,26.13,NA,35.98,NA,20230515,Probe1,
20230724,,,BT 3/4,26.1,NA,35.97,NA,20230515,Probe1,
20230724,,,quarantine_tank,24.51,NA,36.81,NA,20230515,Probe1,
20230726,,,header_tank,NA,NA,36.72,NA,20230515,Probe1,
20230726,,,BT 1/2,NA,NA,36.51,NA,20230515,Probe1,
20230726,,,BT 3/4,NA,NA,36.5,NA,20230515,Probe1,
20230726,,,quarantine_tank,NA,NA,36.81,NA,20230515,Probe1,
20230727,,,header_tank,25.11,NA,36.72,NA,20230515,Probe1,
20230727,,,BT 1/2,25.83,NA,36.71,NA,20230515,Probe1,
20230727,,,BT 3/4,25.83,NA,36.72,NA,20230515,Probe1,
20230727,,,quarantine_tank,24.72,NA,37.17,NA,20230515,Probe1,
20230728,,,header_tank,25.87,NA,37,NA,20230515,Probe1,
20230728,,,BT 1/2,25.59,NA,36.16,NA,20230515,Probe1,
20230728,,,BT 3/4,25.52,NA,35.9,NA,20230515,Probe1,
20230728,,,quarantine_tank,24.56,NA,37.36,NA,20230515,Probe1,
20230731,,,header_tank,26.03,NA,36.24,NA,20230515,Probe1,
20230731,,,BT 1/2,26.06,NA,36.16,NA,20230515,Probe1,
20230731,,,BT 3/4,26.05,NA,35.9,NA,20230515,Probe1,
20230731,,,quarantine_tank,23.35,NA,37.36,NA,20230515,Probe1,
20230801,,,header_tank,26.38,NA,37.57,NA,20230515,Probe1,
20230801,,,BT 1/2,26.38,NA,37.6,NA,20230515,Probe1,
20230801,,,BT 3/4,26.43,NA,37.61,NA,20230515,Probe1,
20230801,,,quarantine_tank,NA,NA,NA,NA,20230515,Probe1,
20230802,,,header_tank,25.6,NA,35.91,NA,20230515,Probe1,
20230802,,,BT 1/2,25.8,NA,35.9,NA,20230515,Probe1,
20230802,,,BT 3/4,25.76,NA,35.93,NA,20230515,Probe1,
20230802,,,quarantine_tank,22.64,NA,35.59,NA,20230515,Probe1,
20230803,,,header_tank,24.86,NA,36.04,NA,20230515,Probe1,
20230803,,,BT 1/2,25.88,NA,36.03,NA,20230515,Probe1,
20230803,,,BT 3/4,25.9,NA,36.07,NA,20230515,Probe1,
20230803,,,quarantine_tank,22.34,NA,36.44,NA,20230515,Probe1,
20230804,,,header_tank,26.05,-48.9,36.52,NA,20230515,Probe1,
20230804,,,BT 1/2,26.12,-50,36.48,NA,20230515,Probe1,
20230804,,,BT 3/4,26.11,-49.9,36.63,NA,20230515,Probe1,
20230804,,,quarantine_tank,23.81,-59.4,36.65,NA,20230515,Probe1,
20230806,,,header_tank,25.98,-48.2,37.2,NA,20230515,Probe1,
20230806,,,BT 1/2,26.04,-48.1,37,NA,20230515,Probe1,
20230806,,,BT 3/4,26.1,-48.1,37.14,NA,20230515,Probe1,
20230806,,,quarantine_tank,23.97,-59.7,39.81,NA,20230515,Probe1,
20230807,,,header_tank,26.1,-47.7,37.35,NA,20230515,Probe1,
20230807,,,BT 1/2,26.09,-47.6,37.16,NA,20230515,Probe1,
20230807,,,BT 3/4,26.07,-47.6,37.17,NA,20230515,Probe1,
20230807,,,quarantine_tank,24.01,-60.2,39.04,NA,20230515,Probe1,
20230809,,,header_tank,25.63,-59.5,35.68,NA,20230515,Probe1,
20230809,,,BT 1/2,26.65,-59.7,35.7,NA,20230515,Probe1,
20230809,,,BT 3/4,26.65,-59.8,35.71,NA,20230515,Probe1,
20230810,,,header_tank,26.13,-56.4,36.27,NA,20230515,Probe1,
20230810,,,BT 1/2,26.14,-56.6,36.3,NA,20230515,Probe1,
20230810,,,BT 3/4,26.15,-56.7,36.32,NA,20230515,Probe1,
20230811,,,header_tank,26.14,-58.9,34.98,NA,20230515,Probe1,
20230811,,,BT 1/2,26.15,-58.6,35.21,NA,20230515,Probe1,
20230811,,,BT 3/4,26.21,-58.8,35.22,NA,20230515,Probe1,
20230811,,,quarantine_tank,24.16,-59.6,36.78,NA,20230515,Probe1,
20230814,,,header_tank,26.41,-53.5,36.65,NA,20230515,Probe1,
20230814,,,BT 1/2,26.43,-53.8,36.68,NA,20230515,Probe1,
20230814,,,BT 3/4,26.46,-54,36.68,NA,20230515,Probe1,
20230815,,,header_tank,26.35,-52.5,36.91,NA,20230515,Probe1,
20230815,,,BT 1/2,26.37,-52.9,36.93,NA,20230515,Probe1,
20230815,,,BT 3/4,26.37,-53.1,36.93,NA,20230515,Probe1,
20230816,,,header_tank,26.2,-62,36.15,NA,20230515,Probe1,
20230816,,,BT 1/2,26.24,-62.5,36.2,NA,20230515,Probe1,
20230816,,,BT 3/4,26.24,-62.4,36.24,NA,20230515,Probe1,
20230816,,,quarantine_tank,24.12,-60.6,39.5,NA,20230515,Probe1,
20230817,,,header_tank,26.35,-54.8,36.29,NA,20230515,Probe1,
20230817,,,BT 1/2,26.31,-55.1,36.16,NA,20230515,Probe1,
20230817,,,BT 3/4,26.32,-55,36.14,NA,20230515,Probe1,
20230817,,,quarantine_tank,24.13,-60.1,39.3,NA,20230515,Probe1,
20230818,,,header_tank,26.16,-52.6,35.31,NA,20230515,Probe1,
20230818,,,BT 1/2,26.18,-52.2,35.25,NA,20230515,Probe1,
20230818,,,BT 3/4,26.16,-52.3,35.25,NA,20230515,Probe1,
20230818,,,quarantine_tank,23.95,-59.1,40.51,NA,20230515,Probe1,
20230821,,,header_tank,26.22,-54.6,36.19,NA,20230515,Probe1,
20230821,,,BT 1/2,26.25,-55.5,36.24,NA,20230515,Probe1,
20230821,,,BT 3/4,26.25,-53.1,36.26,NA,20230515,Probe1,
20230822,,,header_tank,26.23,-50.9,35.53,NA,20230515,Probe1,
20230822,,,BT 1/2,26.25,-51.5,35.55,NA,20230515,Probe1,
20230822,,,BT 3/4,26.25,-51.7,35.56,NA,20230515,Probe1,
20230823,,,header_tank,26.2,-51.4,35.51,NA,20230515,Probe1,
20230823,,,BT 1/2,26.24,-51.8,34.6,NA,20230515,Probe1,
20230823,,,BT 3/4,26.25,-51.8,34.66,NA,20230515,Probe1,
20230824,,,header_tank,26.18,-50.9,35.51,NA,20230515,Probe1,
20230824,,,BT 1/2,26.21,-51.5,35.16,NA,20230515,Probe1,
20230824,,,BT 3/4,26.23,-51.6,35.18,NA,20230515,Probe1,
20230825,,,header_tank,26.19,-56.7,34.6,NA,20230515,Probe1,
20230825,,,BT 1/2,26.22,-56.5,34.71,NA,20230515,Probe1,
20230825,,,BT 3/4,26.24,-56.4,34.73,NA,20230515,Probe1,
20230828,,,header_tank,26.2,-59.2,34.81,NA,20230515,Probe1,
20230828,,,BT 1/2,26.23,-54.3,34.7,NA,20230515,Probe1,
20230828,,,BT 3/4,26.21,-54.6,34.74,NA,20230515,Probe1,
20230829,,,header_tank,26.29,-56.8,34.82,NA,20230515,Probe1,
20230829,,,BT 1/2,26.32,-57.1,34.58,NA,20230515,Probe1,
20230829,,,BT 3/4,26.32,-56.2,34.53,NA,20230515,Probe1,
20230830,,,header_tank,26.36,-49.7,34.54,NA,20230515,Probe1,
20230830,,,BT 1/2,26.38,-50.2,34.61,NA,20230515,Probe1,
20230830,,,BT 3/4,26.4,-50.4,34.6,NA,20230515,Probe1,
20230831,,,header_tank,26.21,-54.5,35.49,NA,20230515,Probe1,
20230831,,,BT 1/2,26.24,-55,35.53,NA,20230515,Probe1,
20230831,,,BT 3/4,26.23,-55.5,35.53,NA,20230515,Probe1,
20230901,,,header_tank,26.28,-53.2,35.59,NA,20230515,Probe1,
20230901,,,BT 1/2,26.29,-53.7,35.61,NA,20230515,Probe1,
20230901,,,BT 3/4,26.3,-53.7,35.62,NA,20230515,Probe1,
20230905,,,header_tank,26.3,-50.9,35.77,NA,20230515,Probe1,
20230905,,,BT 1/2,26.31,-50.7,35.78,NA,20230515,Probe1,
20230905,,,BT 3/4,26.29,-50.8,35.78,NA,20230515,Probe1,
20230906,,,header_tank,26.37,-44.1,34.71,NA,20230906,Probe1,
20230906,,,BT 1/2,26.42,-44.5,34.68,NA,20230906,Probe1,
20230906,,,BT 3/4,26.42,-44.6,34.72,NA,20230906,Probe1,
20230907,,,header_tank,26.14,-49.2,34.82,NA,20230906,Probe1,
20230907,,,BT 1/2,26.14,-49.6,35.68,NA,20230906,Probe1,
20230907,,,BT 3/4,26.14,-49.5,35.69,NA,20230906,Probe1,
20230908,,,header_tank,26.42,-47.2,35.94,NA,20230906,Probe1,
20230908,,,BT 1/2,26.46,-47.8,35.96,NA,20230906,Probe1,
20230908,,,BT 3/4,26.45,-48,35.46,NA,20230906,Probe1,
20230911,,,header_tank,NA,-55.8,34.95,NA,20230906,Probe1,
20230911,,,BT 1/2,NA,-56.3,34.96,NA,20230906,Probe1,
20230911,,,BT 3/4,NA,-56.5,34.88,NA,20230906,Probe1,
20230911,,,quarantine_tank,NA,-59.3,41.36,NA,20230906,Probe1,
20230912,,,header_tank,26.2,-48,34.91,NA,20230906,Probe1,
20230912,,,BT 1/2,26.18,-49.1,34.81,NA,20230906,Probe1,
20230912,,,BT 3/4,26.15,-48.7,34.95,NA,20230906,Probe1,
20230912,,,quarantine_tank,22.68,-51.7,35.17,NA,20230906,Probe1,
20230913,,,header_tank,25.59,-50.4,35.18,NA,20230906,Probe1,
20230913,,,BT 1/2,25.7,-49,34.94,NA,20230906,Probe1,
20230913,,,BT 3/4,25.57,-49.8,34.95,NA,20230906,Probe1,
20230913,,,quarantine_tank,23.87,-47.3,35.29,NA,20230906,Probe1,
20230914,,,header_tank,26.25,-51.1,34.83,NA,20230906,Probe1,
20230914,,,BT 1/2,26.31,-51,34.87,NA,20230906,Probe1,
20230914,,,BT 3/4,26.29,-51.4,34.84,NA,20230906,Probe1,
20230914,,,quarantine_tank,24.37,-48.4,35.14,NA,20230906,Probe1,
20230915,,,header_tank,26.14,-49.3,35.78,NA,20230906,Probe1,
20230915,,,BT 1/2,26.19,-50,35.9,NA,20230906,Probe1,
20230915,,,BT 3/4,26.2,-50,35.89,NA,20230906,Probe1,
20230915,,,quarantine_tank,24.37,-48.6,34.83,NA,20230906,Probe1,
20230918,,,header_tank,26.31,-48.6,34.83,NA,20230906,Probe1,
20230918,,,BT 1/2,26.34,-55,34.91,NA,20230906,Probe1,
20230918,,,BT 3/4,26.34,-55,35.06,NA,20230906,Probe1,
20230919,,,quarantine_tank,24.74,-55.8,35.45,NA,20230906,Probe1,
20230919,,,header_tank,26.2,-54.7,34.93,NA,20230906,Probe1,
20230919,,,BT 1/2,26.26,-55.2,34.93,NA,20230906,Probe1,
20230919,,,BT 3/4,26.24,-55.3,34.85,NA,20230906,Probe1,
20230919,,,quarantine_tank,24.48,-54.3,35.44,NA,20230906,Probe1,
20230926,,,header_tank,26.31,-48.4,34.43,NA,20230906,Probe1,
20230926,,,BT 1/2,26.32,-48.5,34.38,NA,20230906,Probe1,
20230926,,,BT 3/4,26.34,-48.6,34.35,NA,20230906,Probe1,
20230926,,,quarantine_tank,26.58,-49.3,36.07,NA,20230906,Probe1,
20230927,,,header_tank,26.22,-50.1,34.4,NA,20230906,Probe1,
20230927,,,BT 1/2,26.23,-49.9,34.37,NA,20230906,Probe1,
20230927,,,BT 3/4,26.25,-49.9,34.45,NA,20230906,Probe1,
20230927,,,quarantine_tank,26.31,-49.3,36.21,NA,20230906,Probe1,
20230929,,,header_tank,26.33,-49.9,34.56,NA,20230906,Probe1,
20230929,,,BT 1/2,26.3,-47.4,34.56,NA,20230906,Probe1,
20230929,,,BT 3/4,26.32,-47.8,34.53,NA,20230906,Probe1,
20230929,,,quarantine_tank,25.39,-50,35.75,NA,20230906,Probe1,
20231002,,,header_tank,26.08,-48,34.7,NA,20230906,Probe1,
20231002,,,BT 1/2,26.08,-48.4,34.66,NA,20230906,Probe2,
20231002,,,BT 3/4,26.14,-48.4,34.62,NA,20230906,Probe1,
20231002,,,quarantine_tank,26.06,-49.7,36.05,NA,20230906,Probe2,
20231002,,,quarantine_tank,26.48,-48.4,34.4,NA,20230906,Probe2,
20231005,,,header_tank,25.69,-43.7,35.06,NA,20230906,Probe2,
20231005,,,BT 3/4,25.76,-43.3,35.14,NA,20230906,Probe1,
20231006,,,header_tank,26.13,-46.7,36.7,NA,20230906,Probe1,
20231006,,,BT 3/4,26.29,-46.4,36.75,NA,20230906,Probe1,
20231010,,,header_tank,26.23,-46.9,37.79,NA,20230906,Probe1,
20231010,,,BT 1/2,NA,-55.5,36.13,NA,20230906,Probe2,
20231010,,,BT 3/4,26.27,-47.6,37.82,NA,20230906,Probe1,
20231011,,,header_tank,26.44,-38,37.21,NA,20230906,Probe1,
20231011,,,BT 1/2,NA,-48.6,35.97,NA,20230906,Probe2,
20231011,,,BT 3/4,26.51,-38.4,37.26,NA,20230906,Probe1,
20231012,,,header_tank,26.32,-50.7,37.24,NA,20230906,Probe1,
20231012,,,BT 1/2,NA,-56.1,35.85,NA,20230906,Probe2,
20231012,,,BT 3/4,26.37,-50.4,37.3,NA,20230906,Probe1,
20231013,,,header_tank,25.945,-44.3,36.38,NA,20230906,Probe1,
20231013,,,BT 1/2,NA,-52.9,35.95,NA,20230906,Probe2,
20231013,,,BT 3/4,25.958,-45,36.31,NA,20230906,Probe1,
20231017,,,header_tank,26.471,-48.7,33.98,NA,20230906,Probe1,
20231017,,,BT 1/2,NA,-52.9,35.95,NA,20230906,Probe2,
20231017,,,BT 3/4,26.508,-48.9,33.98,NA,20230906,Probe1,
20231018,,,header_tank,26.794,-40.4,35.85,NA,20230906,Probe1,
20231018,,,BT 1/2,NA,-49.2,36.06,NA,20230906,Probe2,
20231018,,,BT 3/4,26.906,-41.4,35.89,NA,20230906,Probe1,
20231020,,,header_tank,26.79,-48.3,35.09,NA,20230906,Probe1,
20231020,,,BT 1/2,NA,-54.7,35.66,NA,20230906,Probe2,
20231020,,,BT 3/4,26.8,-49.2,35.54,NA,20230906,Probe1,
20231023,,,header_tank,26.28,-44.6,35.09,NA,20230906,Probe1,
20231023,,,BT 1/2,NA,-48.2,35.48,NA,20230906,Probe2,
20231023,,,BT 3/4,26.31,-45.6,34.98,NA,20230906,Probe1,
20231024,,,header_tank,26.5,-48.9,35.28,NA,20230906,Probe1,
20231024,,,BT 1/2,NA,-54.9,35.6,NA,20230906,Probe2,
20231024,,,BT 3/4,26.64,-50.2,35.18,NA,20230906,Probe1,
20231025,,,header_tank,26.36,-46.1,35.27,NA,20230906,Probe1,
20231025,,,BT 1/2,NA,-53.1,35.7,NA,20230906,Probe2,
20231025,,,BT 3/4,26.4,-46.3,35.35,NA,20230906,Probe1,
20231026,,,header_tank,26.31,-43.4,36.51,NA,20230906,Probe1,
20231026,,,BT 1/2,NA,-51.8,35.76,NA,20230906,Probe2,
20231026,,,BT 3/4,26.35,-43.9,35.5,NA,20230906,Probe1,
20231027,,,header_tank,26.44,-44.9,34.86,NA,20230906,Probe1,
20231027,,,BT 1/2,NA,-52.4,35.91,NA,20230906,Probe2,
20231027,,,BT 3/4,26.49,-44.1,33.86,NA,20230906,Probe1,
20231028,,,BT 1/2,24.81,-55.7,35.67,24.9,20230906,Probe2,
20231028,,,BT 3/4,26.5,-51.9,33.98,26.6,20230906,Probe1,
20231030,,,header_tank,26.05,-47.9,34.5,NA,20230906,Probe1,
20231030,,,BT 1/2,NA,-55,35.34,25.5,20230906,Probe2,
20231030,,,BT 3/4,26.29,-49.2,34.31,26.3,20230906,Probe1,
20231031,,,header_tank,26.33,-44,35.54,25,20230906,Probe1,
20231031,,,BT 1/2,NA,-55,35.34,24.9,20230906,Probe2,
20231031,,,BT 3/4,26.34,-44.3,35.56,25,20230906,Probe1,
20231101,,,header_tank,26.34,-45,35.65,NA,20230906,Probe1,
20231101,,,BT 1/2,NA,-48.9,35.57,NA,20230906,Probe2,
20231101,,,BT 3/4,26.34,-49.3,34.63,NA,20230906,Probe1,
20231102,,,header_tank,26.23,-44.6,35.85,NA,20230906,Probe1,
20231102,,,BT 1/2,24.47,-52.1,35.66,NA,20230906,Probe2,
20231102,,,BT 3/4,26.27,-45.6,35.92,NA,20230906,Probe1,
20231103,,,header_tank,26.38,-39.8,36.18,NA,20230906,Probe1,
20231103,,,BT 1/2,24.44,-50.4,35.57,NA,20230906,Probe2,
20231103,,,BT 3/4,26.41,-39.8,36.15,NA,20230906,Probe1,
20231106,,,header_tank,26.23,-39.7,36.61,NA,20231109,Probe1,
20231106,,,BT 1/2,24.5,-54.4,35.51,NA,20231109,Probe2,
20231106,,,BT 3/4,26.41,-40.7,35.55,NA,20231109,Probe1,
20231108,,,header_tank,26.33,-38.6,36,26.3,20231109,Probe1,
20231108,,,BT 1/2,24.5,-53.8,35.77,24.5,20231109,Probe2,
20231108,,,BT 3/4,26.39,-39.9,35.88,26.5,20231109,Probe1,
20231109,,,header_tank,25.41,-43.14,35.86,NA,20231109,Probe1,
20231109,,,BT 1/2,24.5,-48.1,35.47,NA,20231109,Probe2,
20231109,,,BT 3/4,25.35,-43.9,35.83,NA,20231109,Probe1,
20231110,,,header_tank,26.32,-42.5,36.13,26.4,20231109,Probe1,
20231110,,,BT 1/2,23.8,-49.6,35.75,23.8,20231109,Probe2,
20231110,,,BT 3/4,26.35,-42.7,36.04,26.4,20231109,Probe1,
20231113,,,header_tank,26.09,-52.3,36.46,NA,20231113,Probe1,
20231113,,,BT 1/2,24.62,-51.6,35.31,NA,20231113,Probe2,
20231113,,,BT 3/4,26.26,-52.4,36.33,NA,20231113,Probe1,
20231114,,,header_tank,26.3,-46.1,36.4,26.2,20231113,Probe1,
20231114,,,BT 1/2,24.1,-46.1,35.39,24.1,20231113,Probe2,
20231114,,,BT 3/4,26.33,-46.4,37.38,25,20231113,Probe1,
20231115,,,header_tank,26.26,-54.8,35.75,NA,20231113,Probe1,
20231115,,,BT 1/2,24.13,-52.4,35.19,NA,20231113,Probe2,
20231115,,,BT 3/4,26.35,-55.5,35.76,NA,20231113,Probe1,
20231116,,,header_tank,26.35,-54.1,36.03,NA,20231113,Probe1,
20231116,,,BT 1/2,24.06,-47.5,35.28,NA,20231113,Probe2,
20231116,,,BT 3/4,26.35,-54.7,35.94,NA,20231113,Probe1,
20231117,,,header_tank,26.32,-55.1,36.09,NA,20231113,Probe1,
20231117,,,BT 1/2,23.91,-47.7,35.11,NA,20231113,Probe2,
20231117,,,BT 3/4,26.34,-55.9,36,NA,20231113,Probe1,
20231120,,,header_tank,26.31,-61.6,36.7,NA,20231113,Probe1,
20231120,,,BT 1/2,24,-48.3,34.91,NA,20231113,Probe2,
20231120,,,BT 3/4,26.3,-61.1,36.17,NA,20231113,Probe1,
20231121,,,header_tank,26.33,-60.1,37.25,NA,20231113,Probe1,
20231121,,,BT 1/2,24.17,-48.3,35.31,NA,20231113,Probe2,
20231121,,,BT 3/4,26.43,-59.6,36.28,NA,20231113,Probe1,
20231122,,,header_tank,26.48,-63.1,35.68,NA,20231113,Probe1,
20231122,,,BT 1/2,24.42,-51,35.25,NA,20231113,Probe2,
20231122,,,BT 3/4,26.54,-63.8,35.72,NA,20231113,Probe1,
20231123,,,header_tank,26.7,-64.4,34.54,NA,20231113,Probe1,
20231123,,,BT 1/2,24.45,-51.2,35.06,NA,20231113,Probe2,
20231123,,,BT 3/4,26.76,-63.3,34.58,NA,20231113,Probe1,
20231124,,,header_tank,26.52,-60.3,34.53,NA,20231113,Probe1,
20231124,,,BT 1/2,24.48,-46.2,35.12,NA,20231113,Probe2,
20231124,,,BT 3/4,26.56,-60.8,34.48,NA,20231113,Probe1,
20231127,,,header_tank,26.51,-61,34.7,NA,20231129,Probe1,
20231127,,,BT 1/2,24.87,-44,34.88,NA,20231129,Probe2,
20231127,,,BT 3/4,26.59,-61.4,35.94,NA,20231129,Probe1,
20231128,,,header_tank,26.33,-65.2,34.96,NA,20231129,Probe1,
20231128,,,BT 1/2,24.42,-48.7,34.72,NA,20231129,Probe2,
20231128,,,BT 3/4,26.39,-65.7,34.85,NA,20231129,Probe1,
20231129,,,header_tank,26.33,-65,34.89,NA,20231129,Probe1,
20231129,,,BT 1/2,24.42,-54.1,34.67,NA,20231129,Probe2,
20231129,,,BT 3/4,26.59,-65.7,34.78,NA,20231129,Probe1,
20231130,,,header_tank,25.96,-61.7,34.91,NA,20231129,Probe1,
20231130,,,BT 1/2,24.43,-67.4,34.81,NA,20231129,Probe2,
20231130,,,BT 3/4,26.12,-62.3,34.89,NA,20231129,Probe1,
20231201,,,header_tank,26.1,-62.5,34.94,NA,20231129,Probe1,
20231201,,,BT 1/2,24.43,-63.9,35.01,NA,20231129,Probe2,
20231201,,,BT 3/4,26.1,-69.6,34.69,NA,20231129,Probe1,
20231204,,,header_tank,26.02,-65.5,35.75,NA,20231129,Probe1,
20231204,,,BT 1/2,24.12,-74.3,34.84,NA,20231129,Probe2,
20231204,,,BT 3/4,26.12,-63.6,35.82,NA,20231129,Probe1,
20231205,,,header_tank,25.77,-65.2,35.82,NA,20231205,Probe1,
20231205,,,BT 1/2,24.08,-76,35.52,NA,20231205,Probe2,
20231205,,,BT 3/4,25.91,-65.8,34.64,NA,20231205,Probe1,
20231206,,,header_tank,25.83,-65.7,35.62,NA,20231205,Probe1,
20231206,,,BT 1/2,24.21,-76,34.89,NA,20231205,Probe2,
20231206,,,BT 3/4,25.97,-67.2,33.99,NA,20231205,Probe1,
20231207,,,header_tank,25.86,-65.5,35.02,NA,20231205,Probe1,
20231207,,,BT 1/2,22.25,-74.1,34.43,NA,20231205,Probe2,
20231207,,,BT 3/4,25.75,-65.6,35.16,NA,20231205,Probe1,
20231208,,,header_tank,25.95,-67.5,34.97,NA,20231205,Probe1,
20231208,,,BT 1/2,24.85,-74.8,34.39,NA,20231205,Probe2,
20231208,,,BT 3/4,26.06,-67.7,34.97,NA,20231205,Probe1,
20231211,,,header_tank,26.09,-59.6,34.94,NA,20231205,Probe1,
20231211,,,BT 1/2,25.57,-74.5,34.25,NA,20231205,Probe2,
20231211,,,BT 3/4,26.23,-59.9,34.94,NA,20231205,Probe1,
20231212,,,header_tank,25.67,-58.6,34.89,NA,20231205,Probe1,
20231212,,,BT 1/2,24.76,-72.7,34.28,NA,20231205,Probe2,
20231212,,,BT 3/4,25.89,-58.7,34.87,NA,20231205,Probe1,
20231214,,,header_tank,25.81,-57.7,34.89,NA,20231205,Probe1,
20231214,,,BT 1/2,24.95,-73.9,34.38,NA,20231205,Probe2,
20231214,,,BT 3/4,26,-58.7,34.81,NA,20231205,Probe1,
20231215,,,header_tank,25.98,-57.9,35,NA,20231205,Probe1,
20231215,,,BT 1/2,25.13,-72.2,34.45,NA,20231205,Probe2,
20231215,,,BT 3/4,26.15,-58.9,34.91,NA,20231205,Probe1,
20231218,,,header_tank,26.35,-51.5,34.65,NA,20231205,Probe1,
20231218,,,BT 1/2,25.77,-67.4,34.56,NA,20231205,Probe2,
20231218,,,BT 3/4,26.61,-50.6,34.61,NA,20231205,Probe1,
20231220,,,header_tank,25.72,-48.9,35.09,NA,20231220,Probe1,
20231220,,,BT 1/2,25.44,-66.3,34.73,NA,20231220,Probe2,
20231220,,,BT 3/4,25.94,-50.1,35,NA,20231220,Probe1,
20231221,,,header_tank,25.92,-50.6,34.96,NA,20231220,Probe1,
20231221,,,BT 1/2,25.18,-66.5,34.75,NA,20231220,Probe2,
20231221,,,BT 3/4,26.12,-51.7,34.95,NA,20231220,Probe1,
20231222,8:45,HP,BT 1/2,25.36,-58.8,34.23,NA,20231220,Probe2,Merged two blue tanks back into one continuous tank
20231222,8:45,HP,BT 3/4,26.02,-45.5,35.08,NA,20231220,Probe1,Merged two blue tanks back into one continuous tank
20231222,8:45,HP,header_tank,25.81,-46.5,35.04,NA,20231220,Probe1,Merged two blue tanks back into one continuous tank
20231222,9:20,HP,BT 1/2,25.74,-53.3,34.67,NA,20231220,Probe1,
20231222,9:20,HP,BT 3/4,25.73,-51.4,34.66,NA,20231220,Probe1,
20231222,10:45,HP,BT 1/2,25.9,-53.1,35.42,NA,20231220,Probe1,
20231222,10:45,HP,BT 3/4,25.91,-54.7,34.66,NA,20231220,Probe1,
20231222,10:45,HP,header_tank,25.86,-53.7,35.4,NA,20231220,Probe1,
20231222,16:45,HP,BT 1/2,26.6,-59.2,34.61,NA,20231220,Probe1,
20231222,16:45,HP,BT 3/4,26.6,-59.7,34.61,NA,20231220,Probe1,
20231222,16:45,HP,header_tank,26.52,-59.2,34.6,NA,20231220,Probe1,
20231224,12:05,HP,BT 1/2,26.58,-57.6,34.63,NA,20231220,Probe1,
20231224,12:05,HP,BT 3/4,26.6,-57.7,34.65,NA,20231220,Probe1,
20231224,12:05,HP,header_tank,26.55,-57.7,34.68,NA,20231220,Probe1,
20231226,15:25,HP,BT 1/2,26.73,-62.6,34.61,NA,20231220,Probe1,
20231226,15:25,HP,BT 3/4,26.74,-62.8,34.61,NA,20231220,Probe1,
20231226,15:25,HP,header_tank,26.7,-61.6,34.67,NA,20231220,Probe1,